"crawl/depth","crawl/httpStatusCode","crawl/loadedTime","crawl/loadedUrl","crawl/referrerUrl","metadata/author","metadata/canonicalUrl","metadata/description","metadata/keywords","metadata/languageCode","metadata/title","screenshotUrl","text","url"
"0","200","2023-06-17T23:09:56.158Z","https://smartcode.ae/","https://smartcode.ae","smartcode.ae","https://smartcode.ae/","Dubai Website Design - Website Development Dubai- Redspider Leading Services Provider SEO, CMS and logo Designing Dubai,UAE. Team of Best Dubai Website Designer & Developer.","web development in Dubai,Website design Dubai,Dubai website design,SEO Services,Dubai website design,Dubai web design,logo design Abu Dhabi, ecommerce Dubai,Dubai seo, web hosting dubai, dubai web hosting, uae hosting","en","Smart Code Internet Solutions",,"SmartCode Internet Solutions 
We Build Smart Solutions Since 2008 
Being a premium web development company in Dubai, our focus lies on speed, innovation, and quality of services. We excel at providing comprehensive developments and aim for gleaning happy customers by offering timely and stellar business solutions ensured by our highly accomplished web-developers. 
E-Commerce
Retail, groceries, organic stores, electronics, fashion, apparels, and other online stores.
Real Estate
Search, buy and sell properties, brokerage, promoters, realtors, research, marketing and CRM.
Education
E-learning, audio video learning room, online exams, students and staff management solutions.
Health Care
Doctors appointment booking, hospital management, online pharmacy.
Industries
Industry-specific, inventory management, supply chain management and logistics.
Food
Online food delivery, ERP and inventory management for the food industry.
Strategy
We define your competition and target audience. Discover what is working in your online industry, then design your website accordingly.
Develop
We turn your ideas into a reality. &our website is placed on a ""development server"" where you get to watch the whole process, live.
Support
This is where you go live, to the world. Design, marketing, and maintenance; we'll be at your side for the life of your site.","https://smartcode.ae/"
"0","200","2023-06-17T23:09:57.316Z","https://wevo.ae/","https://wevo.ae",,"https://wevo.ae/","تكلم مع من تحب بالصوت والصورة من الكمبيوتر والموبايل WEVO غرف دردشة صوتية وكاميرا بأحدث برنامج دردشة متطور ومزايا رائعة لاجهزة الويندوز والموبايل اندرويد","شات, دردشة, شات صوتي, غرف دردشة, دردشة صوتية, دردشة سعودية, غرف دردشة, دردشة سورية, دردشة اردن, شات مغربي, صوتي, صوتية, دردشة عربية, دردشة امارات, شات مغرب, شات خليجي, ويفو, wevo, سيرفرات صوتي, سيرفر دردشة, غرف مجانية, سيرفر كاميرا, شات كاميرا, all2chat, wevo.ae, chat room, chatrooms, wevo room, wevo chat, شات ويفو, غرف ويفو,","en","WEVO Vedio Chat Rooms",,"اصدقاء جدد
يمكن عن طريق ويفو استخدام المحادثة صوت وصورة والتواصل مع الأهل والاصدقاء و مع من ترغب في أي وقت ومن اي مكان ولا يتطلب سرعة انترنت عالية حيث تعتبر خدمة نقل الصوت والصورة من احدث التقنيات في العالم و الاسرع نموا وتطويرا .. يعتبر ويفو آمن وسهل الاستخدام ويحفظ الخصوصية الكاملة لكل المستخدمين بمختلف فئاتهم ..","https://wevo.ae/"
"1","200","2023-06-17T23:10:04.555Z","https://smartcode.ae/index.html","https://smartcode.ae","smartcode.ae","https://smartcode.ae/index.html","Dubai Website Design - Website Development Dubai- Redspider Leading Services Provider SEO, CMS and logo Designing Dubai,UAE. Team of Best Dubai Website Designer & Developer.","web development in Dubai,Website design Dubai,Dubai website design,SEO Services,Dubai website design,Dubai web design,logo design Abu Dhabi, ecommerce Dubai,Dubai seo, web hosting dubai, dubai web hosting, uae hosting","en","Smart Code Internet Solutions",,"SmartCode Internet Solutions 
We Build Smart Solutions Since 2008 
Being a premium web development company in Dubai, our focus lies on speed, innovation, and quality of services. We excel at providing comprehensive developments and aim for gleaning happy customers by offering timely and stellar business solutions ensured by our highly accomplished web-developers. 
E-Commerce
Retail, groceries, organic stores, electronics, fashion, apparels, and other online stores.
Real Estate
Search, buy and sell properties, brokerage, promoters, realtors, research, marketing and CRM.
Education
E-learning, audio video learning room, online exams, students and staff management solutions.
Health Care
Doctors appointment booking, hospital management, online pharmacy.
Industries
Industry-specific, inventory management, supply chain management and logistics.
Food
Online food delivery, ERP and inventory management for the food industry.
Strategy
We define your competition and target audience. Discover what is working in your online industry, then design your website accordingly.
Develop
We turn your ideas into a reality. &our website is placed on a ""development server"" where you get to watch the whole process, live.
Support
This is where you go live, to the world. Design, marketing, and maintenance; we'll be at your side for the life of your site.","https://smartcode.ae/index.html"
"1","200","2023-06-17T23:10:10.017Z","https://smartcode.ae/about.html","https://smartcode.ae",,"https://smartcode.ae/about.html",,,"en","Smart Code Internet Solutions",,"Who We Are
We are a team of San Diego web design and development professionals who love partnering with good people and businesses to help them achieve online success.
What We Do
We’re focused on honing our crafts and bringing everything we have to the table for our clients. We create custom, functional websites focused on converting your users into customers.
Why We Do It
Each of us loves what we do and we feel that spirit helps translate into the quality of our work. Working with clients who love their work combines into a fun, wonderful partnership for everyone involved.","https://smartcode.ae/about.html"
"1","200","2023-06-17T23:10:10.921Z","https://smartcode.ae/services.html","https://smartcode.ae",,"https://smartcode.ae/services.html",,,"en","Smart Code Internet Solutions",,"Marketing
We use strategic marketing tactics that have been proven to work.
Development
Custom programming for most complex functions you can think.
Web Design
Pork chop pork belly hamburger prosciutto, fatback andouille flank.
Windows Programs
Your Windows Program. a skilled team of strategists, designers, and developers who will take your program idea and create an award-winning product.
Apple Apps
Your Application on Apple apps store. a skilled team of strategists, designers, and developers who will take your app idea and create an award-winning product
Android Apps
Your Application on Google Play. a skilled team of strategists, designers, and developers who will take your app idea and create an award-winning product
HUAWEI Apps
Your Application on HUAWEI AppGallery. a skilled team of strategists, designers, and developers who will take your app idea and create an award-winning product.
Ecommerce
We build your online store using a flexible, modular platform that allows
Branding
A solid brand strategy, logo and guidelines help you to get You recognized.","https://smartcode.ae/services.html"
"1","200","2023-06-17T23:10:24.016Z","https://smartcode.ae/shop/","https://smartcode.ae",,"https://smartcode.ae/shop/","ويفو, سمارت كود لحلول الانترنت احصل على أفضل تجربة للدردشة الصوتية مع ويفو. صوت نقي وواضح وكاميرا سريعة مع ميزات مذهلة. اجمع نقاط مكافآت واحصل على الهدايا.!",,"ar","ويفو ماركت- سمارت كود لحلول الانترنت - wevo.ae",,"ويفو .. دردش .. عالم متكامل من التواصل الاجتماعي المدعوم بالصوت والكاميرا. نحن نوفر لكم مجموعة كبيرة ومتنوعة من الغرف المخصصة للدردشة والتفاعل مع الآخرين عن طريق جهاز الكمبيوتر ويندوز او الموبايل أندرويد أو أيفون .. سواء كنت ترغب في التعرف على أشخاص جدد أو الدروس التعليمية أو العائلة، فإننا نوفر لك البيئة المثالية لتحقيق ذلك.
نحن نضمن لك الخصوصية والأمان في جميع أوقات الاتصال. كما أننا نوفر لك خيارات متعددة للاشتراك لتلبية جميع احتياجاتك في التواصل. 
نقاط مجانية مع جميع طلبات الشراء
ويفو .. دردش","https://smartcode.ae/shop"
"1","200","2023-06-17T23:10:27.915Z","https://smartcode.ae/contact.html","https://smartcode.ae",,"https://smartcode.ae/contact.html",,,"en","Smart Code Internet Solutions",,"Call Us
+971552166610 
+971555076146
Write Us
info@smartcode.ae 
support@smartcode.ae
Visit Us
Dubai Diera 
United Arab Emirates","https://smartcode.ae/contact.html"
"1","200","2023-06-17T23:10:35.928Z","https://wevo.ae/en/index.html","https://wevo.ae",,"https://wevo.ae/en/index.html","تكلم مع من تحب بالصوت والصورة من الكمبيوتر والموبايل WEVO غرف دردشة صوتية وكاميرا بأحدث برنامج دردشة متطور ومزايا رائعة لاجهزة الويندوز والموبايل اندرويد","شات, دردشة, شات صوتي, غرف دردشة, دردشة صوتية, دردشة سعودية, غرف دردشة, دردشة سورية, دردشة اردن, شات مغربي, صوتي, صوتية, دردشة عربية, دردشة امارات, شات مغرب, شات خليجي, ويفو, wevo, سيرفرات صوتي, سيرفر دردشة, غرف مجانية, سيرفر كاميرا, شات كاميرا, all2chat, wevo.ae, chat room, chatrooms, wevo room, wevo chat, شات ويفو, غرف ويفو,","en","WEVO Vedio Chat Rooms",,"Meet new people
Wevo provides safe, secure, and easy to use web-conference rooms with superior voice quality, fast video streaming, and full control of your chat room.","https://wevo.ae/en/index.html"
"1","200","2023-06-17T23:10:42.428Z","https://wevo.ae/market.html","https://wevo.ae",,"https://wevo.ae/market.html","تكلم مع من تحب بالصوت والصورة من الكمبيوتر والموبايل WEVO غرف دردشة صوتية وكاميرا بأحدث برنامج دردشة متطور ومزايا رائعة لاجهزة الويندوز والموبايل اندرويد","شات, دردشة, شات صوتي, غرف دردشة, دردشة صوتية, دردشة سعودية, غرف دردشة, دردشة سورية, دردشة اردن, شات مغربي, صوتي, صوتية, دردشة عربية, دردشة امارات, شات مغرب, شات خليجي, ويفو, wevo, سيرفرات صوتي, سيرفر دردشة, غرف مجانية, سيرفر كاميرا, شات كاميرا, all2chat, wevo.ae, chat room, chatrooms, wevo room, wevo chat, شات ويفو, غرف ويفو,","en","WEVO Vedio Chat Rooms",,"SECURITY AND CONFIDENTIALITY 
All of the payments made on www.Smartcode.ae are secure. The personal information you send to us will remain confidential.
Terms & conditions
Privacy Policy","https://wevo.ae/market.html"
"1","200","2023-06-17T23:10:43.047Z","https://wevo.ae/download.html","https://wevo.ae",,"https://wevo.ae/download.html","تكلم مع من تحب بالصوت والصورة من الكمبيوتر والموبايل WEVO غرف دردشة صوتية وكاميرا بأحدث برنامج دردشة متطور ومزايا رائعة لاجهزة الويندوز والموبايل اندرويد","شات, دردشة, شات صوتي, غرف دردشة, دردشة صوتية, دردشة سعودية, غرف دردشة, دردشة سورية, دردشة اردن, شات مغربي, صوتي, صوتية, دردشة عربية, دردشة امارات, شات مغرب, شات خليجي, ويفو, wevo, سيرفرات صوتي, سيرفر دردشة, غرف مجانية, سيرفر كاميرا, شات كاميرا, all2chat, wevo.ae, chat room, chatrooms, wevo room, wevo chat, شات ويفو, غرف ويفو,","en","WEVO Vedio Chat Rooms",,"English
خدمة العملاء
الاتصال بنا
الأسعار
تحميل ويفو
خدمة العملاء
تحميل ويفو
الأسعار
الاتصال بنا
English
تحميل ويفو
جوجل بلاي
تحميل التطبيق 
آيفون
تحميل التطبيق 
ويندوز
تحميل التطبيق 
هواوي
تحميل التطبيق 
تحميل الملف
تحميل التطبيق","https://wevo.ae/download.html"
"1","200","2023-06-17T23:10:42.926Z","https://wevo.ae/contact.html","https://wevo.ae",,"https://wevo.ae/contact.html","تكلم مع من تحب بالصوت والصورة من الكمبيوتر والموبايل WEVO غرف دردشة صوتية وكاميرا بأحدث برنامج دردشة متطور ومزايا رائعة لاجهزة الويندوز والموبايل اندرويد","شات, دردشة, شات صوتي, غرف دردشة, دردشة صوتية, دردشة سعودية, غرف دردشة, دردشة سورية, دردشة اردن, شات مغربي, صوتي, صوتية, دردشة عربية, دردشة امارات, شات مغرب, شات خليجي, ويفو, wevo, سيرفرات صوتي, سيرفر دردشة, غرف مجانية, سيرفر كاميرا, شات كاميرا, all2chat, wevo.ae, chat room, chatrooms, wevo room, wevo chat, شات ويفو, غرف ويفو,","en","WEVO Vedio Chat Rooms",,"Bank:
Emirates Islamic Bank
Name:
Smart Code Internet Solutions
IBAN:
AE 8103 4000 3707 2809 91401
Account:
370 7280 9914 01
Swift Code:
MEBLAEAD
Branch:
HSB branch
Country:
United Arab Emirates-Dubai","https://wevo.ae/contact.html"
"1","200","2023-06-17T23:10:41.716Z","https://wevo.ae/support/","https://wevo.ae",,"https://smartcode.ae/shop/my-account/tickets/","خدمة العملاء تذاكر الدعم الفني احصل على أفضل تجربة للدردشة الصوتية مع ويفو. صوت نقي وواضح وكاميرا سريعة مع ميزات مذهلة. اجمع نقاط مكافآت واحصل على الهدايا ويفو",,"ar","تذاكر الدعم الفني ويفو - خدمة العملاء Tickets",,"ستحصل على 10 نقاط بعد اتمام عملية الشراء الاولى","https://wevo.ae/support"
"1","200","2023-06-17T23:10:51.435Z","https://wevo.ae/index.html","https://wevo.ae",,"https://wevo.ae/index.html","تكلم مع من تحب بالصوت والصورة من الكمبيوتر والموبايل WEVO غرف دردشة صوتية وكاميرا بأحدث برنامج دردشة متطور ومزايا رائعة لاجهزة الويندوز والموبايل اندرويد","شات, دردشة, شات صوتي, غرف دردشة, دردشة صوتية, دردشة سعودية, غرف دردشة, دردشة سورية, دردشة اردن, شات مغربي, صوتي, صوتية, دردشة عربية, دردشة امارات, شات مغرب, شات خليجي, ويفو, wevo, سيرفرات صوتي, سيرفر دردشة, غرف مجانية, سيرفر كاميرا, شات كاميرا, all2chat, wevo.ae, chat room, chatrooms, wevo room, wevo chat, شات ويفو, غرف ويفو,","en","WEVO Vedio Chat Rooms",,"اصدقاء جدد
يمكن عن طريق ويفو استخدام المحادثة صوت وصورة والتواصل مع الأهل والاصدقاء و مع من ترغب في أي وقت ومن اي مكان ولا يتطلب سرعة انترنت عالية حيث تعتبر خدمة نقل الصوت والصورة من احدث التقنيات في العالم و الاسرع نموا وتطويرا .. يعتبر ويفو آمن وسهل الاستخدام ويحفظ الخصوصية الكاملة لكل المستخدمين بمختلف فئاتهم ..","https://wevo.ae/index.html"
"2","200","2023-06-17T23:10:58.114Z","https://smartcode.ae/shop/wevo/%d8%aa%d9%83%d8%a8%d9%8a%d8%b1-%d8%b3%d8%b9%d8%a9-%d8%a7%d9%84%d8%ba%d8%b1%d9%81%d8%a9-25-%d9%85%d8%b3%d8%aa%d8%ae%d8%af%d9%85/","https://smartcode.ae/shop",,"https://smartcode.ae/shop/wevo/%d8%aa%d9%83%d8%a8%d9%8a%d8%b1-%d8%b3%d8%b9%d8%a9-%d8%a7%d9%84%d8%ba%d8%b1%d9%81%d8%a9-25-%d9%85%d8%b3%d8%aa%d8%ae%d8%af%d9%85/","اضافة 25 مستخدم لسعة الغرفة",,"ar","تكبير سعة الغرفة 25 مستخدم - Smart Code Market Place",,"سلة المشتريات
لا توجد منتجات في سلة المشتريات.","https://smartcode.ae/shop/wevo/%d8%aa%d9%83%d8%a8%d9%8a%d8%b1-%d8%b3%d8%b9%d8%a9-%d8%a7%d9%84%d8%ba%d8%b1%d9%81%d8%a9-25-%d9%85%d8%b3%d8%aa%d8%ae%d8%af%d9%85/"
"2","200","2023-06-17T23:11:11.919Z","https://smartcode.ae/shop/wevo/saving-offer-1/","https://smartcode.ae/shop",,"https://smartcode.ae/shop/wevo/saving-offer-1/",,,"ar","باقة التوفير 1 - Smart Code Market Place",,"عرض التوفير من ويفو ستحصل على
	اشتراك بالمميزة مدة 6 شهور	
	روت مدة 6 شهور اسمين + واحد مجاني	
	اسم ملكي مدة سنة	
	3 اسماء محمية مدة سنة	
	السعر الاصلي 1100$	
	سعر العرض 800$","https://smartcode.ae/shop/wevo/saving-offer-1/"
"2","200","2023-06-17T23:11:28.425Z","https://smartcode.ae/shop/wevo/app-35-master-2/","https://smartcode.ae/shop",,"https://smartcode.ae/shop/wevo/app-35-master-2/","App 35 Master 6 MONTH: المدة 6 شهور 100 مستخدم 35 ماستر 40 سوبر ادمن 60 ادمن 200 عضو Windows, iPhone, Android",,"ar","غرفة 35 ماستر 6 شهور - Smart Code Market Place",,"سوف تحصل على 20 نقطة عند اتمامك 3 عمليات شراء من حسابك","https://smartcode.ae/shop/wevo/app-35-master-2/"
"2","200","2023-06-17T23:11:42.631Z","https://smartcode.ae/shop/wevo/root-1-year/","https://smartcode.ae/shop",,"https://smartcode.ae/shop/wevo/root-1-year/",,,"ar","روت مدة سنة - Smart Code Market Place",,"روت ويفو لوحة تحكم خارجية تتيح لك التحكم الكامل في غرفة الدردشة او مجموعة الغرف الخاصة بك بكل سهولة ويسر. يساعدك روت ويفو على التحكم بأسماء الأشخاص في الغرفة وتوفر لك مزايا الأسماء البرتقالية التي تتيح لك التمييز بين المستخدمين الرئيسيين والمهمين.
لا يتطلب استخدام روت ويفو أي مهارات فنية خاصة، فهو يتميز بواجهة سهلة الاستخدام تمكنك من التحكم في غرفة الدردشة بسهولة تامة. باستخدام روت ويفو، يمكنك الاستمتاع بالراحة والأمان والاستقلالية في تحكمك في الدردشة الخاصة بك، بغض النظر عن مكان تواجدك في الغرفة او خارجها.
اشترِ روت ويفو الآن واستمتع بالتحكم الكامل في غرفة الدردشة الخاصة بك بكل سهولة ويسر!","https://smartcode.ae/shop/wevo/root-1-year/"
"2","200","2023-06-17T23:12:02.325Z","https://smartcode.ae/shop/wevo/app-offer-10-master-1-year/","https://smartcode.ae/shop",,"https://smartcode.ae/shop/wevo/app-offer-10-master-1-year/","App Offer 10 Master 1 Year: المدة سنة 25 مستخدم 10 ماستر 10 سوبر ادمن 10 ادمن 10 اعضاء Windows, iPhone, Android",,"ar","عرض خاص غرفة 10 ماستر مدة سنة - Smart Code Market Place",,"سلة المشتريات
لا توجد منتجات في سلة المشتريات.","https://smartcode.ae/shop/wevo/app-offer-10-master-1-year/"
"2","200","2023-06-17T23:12:16.334Z","https://smartcode.ae/shop/wevo/app-35-master/","https://smartcode.ae/shop",,"https://smartcode.ae/shop/wevo/app-35-master/","App 35 Master 1 Year: المدة سنة 100 مستخدم 35 ماستر 40 سوبر ادمن 60 ادمن 200 عضو Windows, iPhone, Android",,"ar","غرفة 35 ماستر سنة - Smart Code Market Place",,"سلة المشتريات
لا توجد منتجات في سلة المشتريات.","https://smartcode.ae/shop/wevo/app-35-master/"
"2","200","2023-06-17T23:12:28.408Z","https://smartcode.ae/shop/wevo/%d8%aa%d8%b7%d9%88%d9%8a%d8%b1-%d8%a7%d9%84%d8%ba%d8%b1%d9%81-%d8%a7%d9%84%d8%ae%d8%b7%d8%a9-%d8%a7%d9%84%d8%a7%d9%88%d9%84%d9%89/","https://smartcode.ae/shop",,"https://smartcode.ae/shop/wevo/%d8%aa%d8%b7%d9%88%d9%8a%d8%b1-%d8%a7%d9%84%d8%ba%d8%b1%d9%81-%d8%a7%d9%84%d8%ae%d8%b7%d8%a9-%d8%a7%d9%84%d8%a7%d9%88%d9%84%d9%89/","اضافة 10 أسماء ماستر , 10 سوبر , 15 أدمن , 50 ممبر",,"ar","تطوير الغرف الخطة الاولى - Smart Code Market Place",,"اضافة 10 أسماء ماستر , 10 سوبر , 15 أدمن , 50 ممبر","https://smartcode.ae/shop/wevo/%d8%aa%d8%b7%d9%88%d9%8a%d8%b1-%d8%a7%d9%84%d8%ba%d8%b1%d9%81-%d8%a7%d9%84%d8%ae%d8%b7%d8%a9-%d8%a7%d9%84%d8%a7%d9%88%d9%84%d9%89/"
"2","200","2023-06-17T23:12:39.910Z","https://smartcode.ae/shop/wevo/root-6-month/","https://smartcode.ae/shop",,"https://smartcode.ae/shop/wevo/root-6-month/",,,"ar","روت مدة 6 شهور - Smart Code Market Place",,"روت ويفو لوحة تحكم خارجية تتيح لك التحكم الكامل في غرفة الدردشة او مجموعة الغرف الخاصة بك بكل سهولة ويسر. يساعدك روت ويفو على التحكم بأسماء الأشخاص في الغرفة وتوفر لك مزايا الأسماء البرتقالية التي تتيح لك التمييز بين المستخدمين الرئيسيين والمهمين.
لا يتطلب استخدام روت ويفو أي مهارات فنية خاصة، فهو يتميز بواجهة سهلة الاستخدام تمكنك من التحكم في غرفة الدردشة بسهولة تامة. باستخدام روت ويفو، يمكنك الاستمتاع بالراحة والأمان والاستقلالية في تحكمك في الدردشة الخاصة بك، بغض النظر عن مكان تواجدك في الغرفة او خارجها.
اشترِ روت ويفو الآن واستمتع بالتحكم الكامل في غرفة الدردشة الخاصة بك بكل سهولة ويسر!","https://smartcode.ae/shop/wevo/root-6-month/"
"2","200","2023-06-17T23:12:54.820Z","https://smartcode.ae/shop/contact/","https://smartcode.ae/shop",,"https://smartcode.ae/shop/contact/","الاتصال بنا سمارت كود لحلول الإنترنت ويفو . يمكنك الحصول على جميع معلومات الاتصال الخاصة بنا وإرسال بريد إلكتروني مباشرة إلى فريق الدعم الفني لدينا",,"ar","الاتصال بنا سمارت كود لحلول الإنترنت - Contact us Today",,"الاتصال بنا 
الايميل

info@smartcode.ae
support@smartcode.ae
العنوان

United Arab Emirates – Dubai
P.O.Box 94054","https://smartcode.ae/shop/contact/"
"2","200","2023-06-17T23:12:55.917Z","https://smartcode.ae/shop/help/","https://smartcode.ae/shop",,"https://smartcode.ae/shop/help/","ويفو ماركت المساعدة, استخدام دليل المستخدم للحصول على المعلومات اللازمة، وإذا كان لديك أي أسئلة أخرى فلا تتردد في الاتصال بنا. سنكون سعداء بتقديم المساعدة .",,"ar","ويفو ماركت المساعدة - - Smart Code Market Place",,"9- ربحت عن طريق بطاقة الحظ ولكن من بريد الكتروني غير بريدي هل يمكن تحصيل الجائزة؟ 
لا, للاسف لا يمكنك ذلك يجب ان يكون بريدك المعتمد هو نفس البريد الالكتروني الحاصل على الجائزة ولا يمكنك الحصول على جائزة بريد آخر.","https://smartcode.ae/shop/help"
"2","200","2023-06-17T23:13:18.544Z","https://smartcode.ae/shop/wevo/saving-offer-4/","https://smartcode.ae/shop",,"https://smartcode.ae/shop/wevo/saving-offer-4/","عرض التوفير من ويفو ستحصل على غرفة 50 ماستر مدة سنة روت مدة سنة اسمين + واحد مجاني اشتراك بالمميزة مدة سنة اسم ملكي مدة سنة 3 اسماء محمية مدة سنة السعر الأصلي 2000$ سعر العرض 1400$",,"ar","باقة التوفير 4 - Smart Code Market Place",,"عرض التوفير من ويفو ستحصل على
	غرفة 50 ماستر مدة سنة	
	روت مدة سنة اسمين + واحد مجاني	
	اشتراك بالمميزة مدة سنة	
	اسم ملكي مدة سنة	
	3 اسماء محمية مدة سنة	
	السعر الأصلي 2000$	
	سعر العرض 1400$","https://smartcode.ae/shop/wevo/saving-offer-4/"
"2","200","2023-06-17T23:13:33.907Z","https://smartcode.ae/shop/wevo/saving-offer-2/","https://smartcode.ae/shop",,"https://smartcode.ae/shop/wevo/saving-offer-2/","عرض التوفير من ويفو ستحصل على غرفة 25 ماستر مدة سنة روت مدة 6 شهور اسمين + واحد مجاني اشتراك بالمميزة مدة سنة 3 اسماء محمية مدة سنة السعر الأصلي 1350$ سعر العرض 950$",,"ar","باقة التوفير 2 - Smart Code Market Place",,"عرض التوفير من ويفو ستحصل على
	غرفة 25 ماستر مدة سنة	
	روت مدة 6 شهور اسمين + واحد مجاني	
	اشتراك بالمميزة مدة سنة	
	3 اسماء محمية مدة سنة	
	السعر الأصلي 1350$	
	سعر العرض 950$","https://smartcode.ae/shop/wevo/saving-offer-2/"
"2","200","2023-06-17T23:13:46.620Z","https://smartcode.ae/shop/wevo/1-standard/","https://smartcode.ae/shop",,"https://smartcode.ae/shop/wevo/1-standard/","هذه الخدمة لحماية أسم واحد لمدة سنة كاملة، حيث يتم توفير ملف للاسم المحمي. كما يمكنك تحميل الصور لملفك الشخصي ومشاركة الصور على النص العام بكل سهولة. إن هذه الخدمة توفر لك حماية موثوقة لاسمك بعلامة التحقق الزرقاء وتوفر لك الأمان والراحة النفسية فيما يتعلق بحماية هويتك وسمعتك. اسم محمي واحد المدة سنة العدد اسم",,"ar","اسم محمي واحد - Smart Code Market Place",,"هذه الخدمة لحماية أسم واحد لمدة سنة كاملة، حيث يتم توفير ملف للاسم المحمي. كما يمكنك تحميل الصور لملفك الشخصي ومشاركة الصور على النص العام بكل سهولة. إن هذه الخدمة توفر لك حماية موثوقة لاسمك بعلامة التحقق الزرقاء وتوفر لك الأمان والراحة النفسية فيما يتعلق بحماية هويتك وسمعتك.
اسم محمي واحد
ملاحظة: يرجى تجريب الدخول بالاسم المطلوب من كمبيوتر و من موبايل قبل وبعد ارسال الطلب والتأكد من دخول الاسم المطلوب بشكل صحيح
لن يتم تعديل اي اسم بعد التفعيل بسبب اي خطأ","https://smartcode.ae/shop/wevo/1-standard/"
"2","200","2023-06-17T23:14:01.643Z","https://smartcode.ae/shop/wevo/%d8%aa%d8%b7%d9%88%d9%8a%d8%b1-%d8%a7%d9%84%d8%ba%d8%b1%d9%81-%d8%a7%d9%84%d8%ae%d8%b7%d8%a9-%d8%a7%d9%84%d8%ab%d8%a7%d9%86%d9%8a%d8%a9/","https://smartcode.ae/shop",,"https://smartcode.ae/shop/wevo/%d8%aa%d8%b7%d9%88%d9%8a%d8%b1-%d8%a7%d9%84%d8%ba%d8%b1%d9%81-%d8%a7%d9%84%d8%ae%d8%b7%d8%a9-%d8%a7%d9%84%d8%ab%d8%a7%d9%86%d9%8a%d8%a9/","اضافة 25 أسم ماستر , 30 سوبر , 40 أدمن , 100 ممبر",,"ar","تطوير الغرف الخطة الثانية - Smart Code Market Place",,"اضافة 25 أسم ماستر , 30 سوبر , 40 أدمن , 100 ممبر","https://smartcode.ae/shop/wevo/%d8%aa%d8%b7%d9%88%d9%8a%d8%b1-%d8%a7%d9%84%d8%ba%d8%b1%d9%81-%d8%a7%d9%84%d8%ae%d8%b7%d8%a9-%d8%a7%d9%84%d8%ab%d8%a7%d9%86%d9%8a%d8%a9/"
"2","200","2023-06-17T23:14:06.827Z","https://smartcode.ae/shop/wevo/3-standard/","https://smartcode.ae/shop",,"https://smartcode.ae/shop/wevo/3-standard/","هذه الخدمة لحماية ثلاثة أسماء لمدة سنة كاملة، حيث يتم توفير ملف لكل اسم محمي. كما يمكنك تحميل الصور لملفك الشخصي ومشاركة الصور على النص العام بكل سهولة. إن هذه الخدمة توفر لك حماية موثوقة لاسمك بعلامة التحقق الزرقاء وتوفر لك الأمان والراحة النفسية فيما يتعلق بحماية هويتك وسمعتك. ثلاث اسماء محمية المدة سنة العدد",,"ar","ثلاث اسماء محمي - Smart Code Market Place",,"هذه الخدمة لحماية ثلاثة أسماء لمدة سنة كاملة، حيث يتم توفير ملف لكل اسم محمي. كما يمكنك تحميل الصور لملفك الشخصي ومشاركة الصور على النص العام بكل سهولة. إن هذه الخدمة توفر لك حماية موثوقة لاسمك بعلامة التحقق الزرقاء وتوفر لك الأمان والراحة النفسية فيما يتعلق بحماية هويتك وسمعتك.
ثلاث اسماء محمية
ملاحظة: يرجى تجريب الدخول بالاسماء المطلوبة من كمبيوتر و من موبايل قبل وبعد ارسال الطلب والتأكد من دخول الاسماء المطلوبة بشكل صحيح
لن يتم تعديل اي اسم بعد التفعيل بسبب اي خطأ","https://smartcode.ae/shop/wevo/3-standard/"
"2","200","2023-06-17T23:14:22.417Z","https://smartcode.ae/shop/wevo/app-25-master/","https://smartcode.ae/shop",,"https://smartcode.ae/shop/wevo/app-25-master/","App 25 Master 1 Year: المدة سنة 100 مستخدم 25 ماستر 30 سوبر ادمن 50 ادمن 150 عضو Windows, iPhone, Android",,"ar","غرفة 25 ماستر سنة - Smart Code Market Place",,"سلة المشتريات
لا توجد منتجات في سلة المشتريات.","https://smartcode.ae/shop/wevo/app-25-master/"
"2","200","2023-06-17T23:14:44.107Z","https://smartcode.ae/shop/wevo/saving-offer-3/","https://smartcode.ae/shop",,"https://smartcode.ae/shop/wevo/saving-offer-3/","عرض التوفير من ويفو ستحصل على غرفة 35 ماستر مدة سنة روت مدة 6 شهور اسمين + واحد مجاني اشتراك بالمميزة مدة سنة اسم ملكي مدة سنة السعر الأصلي 1550$ سعر العرض 1100$",,"ar","باقة التوفير 3 - Smart Code Market Place",,"عرض التوفير من ويفو ستحصل على
	غرفة 35 ماستر مدة سنة	
	روت مدة 6 شهور اسمين + واحد مجاني	
	اشتراك بالمميزة مدة سنة	
	اسم ملكي مدة سنة	
	السعر الأصلي 1550$	
	سعر العرض 1100$","https://smartcode.ae/shop/wevo/saving-offer-3/"
"2","200","2023-06-17T23:14:57.608Z","https://smartcode.ae/shop/wevo/app-50-master-2/","https://smartcode.ae/shop",,"https://smartcode.ae/shop/wevo/app-50-master-2/","App 50 Master 6 MONTH: المدة 6 شهور 100 مستخدم 50 ماستر 60 سوبر ادمن 100 ادمن 300 عضو Windows, iPhone, Android",,"ar","غرفة 50 ماستر 6 شهور - Smart Code Market Place",,"سوف تحصل على 20 نقطة عند اتمامك 3 عمليات شراء من حسابك","https://smartcode.ae/shop/wevo/app-50-master-2/"
"2","200","2023-06-17T23:15:17.409Z","https://smartcode.ae/shop/wevo/app-50-master/","https://smartcode.ae/shop",,"https://smartcode.ae/shop/wevo/app-50-master/","App 50 Master 1 Year: المدة سنة 100 مستخدم 50 ماستر 60 سوبر ادمن 100 ادمن 300 عضو Windows, iPhone, Android",,"ar","غرفة 50 ماستر سنة - Smart Code Market Place",,"سوف تحصل على 20 نقطة عند اتمامك 3 عمليات شراء من حسابك","https://smartcode.ae/shop/wevo/app-50-master/"
"2","200","2023-06-17T23:15:19.609Z","https://smartcode.ae/shop/wevo/%d9%85%d9%85%d9%8a%d8%b2%d8%a9-%d8%a8%d8%a7%d9%84%d8%aa%d8%b7%d8%a8%d9%8a%d9%82-%d8%b3%d9%86%d8%a9/","https://smartcode.ae/shop",,"https://smartcode.ae/shop/wevo/%d9%85%d9%85%d9%8a%d8%b2%d8%a9-%d8%a8%d8%a7%d9%84%d8%aa%d8%b7%d8%a8%d9%8a%d9%82-%d8%b3%d9%86%d8%a9/","الاشتراك بقسم المميزة لتطبيق سطح المكتب والموبايل مدة سنة",,"ar","مميزة بالتطبيق سنة - Smart Code Market Place",,"الوصف
الاشتراك بقسم المميزة لتطبيق سطح المكتب والموبايل مدة سنة","https://smartcode.ae/shop/wevo/%d9%85%d9%85%d9%8a%d8%b2%d8%a9-%d8%a8%d8%a7%d9%84%d8%aa%d8%b7%d8%a8%d9%8a%d9%82-%d8%b3%d9%86%d8%a9/"
"2","200","2023-06-17T23:15:39.118Z","https://smartcode.ae/shop/wevo/app-25-master-2/","https://smartcode.ae/shop",,"https://smartcode.ae/shop/wevo/app-25-master-2/","App 25 Master 6 MONTH: المدة 6 شهور 100 مستخدم 25 ماستر 30 سوبر ادمن 50 ادمن 150 عضو Windows, iPhone, Android",,"ar","غرفة 25 ماستر 6 شهور - Smart Code Market Place",,"سلة المشتريات
لا توجد منتجات في سلة المشتريات.","https://smartcode.ae/shop/wevo/app-25-master-2/"
"2","200","2023-06-17T23:15:58.448Z","https://smartcode.ae/shop/wevo/app-15-masters/","https://smartcode.ae/shop",,"https://smartcode.ae/shop/wevo/app-15-masters/","App 15 Master 6 MONTH: المدة 6 شهور 50 مستخدم 15 ماستر 20 سوبر ادمن 30 ادمن 100 عضو Windows, iPhone, Android",,"ar","غرفة 15 ماستر 6 شهور - Smart Code Market Place",,"مع قرص الحظ تربح يوميا 5 او 15 او 100 دولار قسيمة مشتريات","https://smartcode.ae/shop/wevo/app-15-masters/"
"2","200","2023-06-17T23:16:23.317Z","https://smartcode.ae/shop/my-account/","https://smartcode.ae/shop",,"https://smartcode.ae/shop/my-account/","لوحة تحكم الحساب الخاص بك احصل على أفضل تجربة للدردشة الصوتية مع ويفو. صوت نقي وواضح وكاميرا سريعة مع ميزات مذهلة. اجمع نقاط مكافآت واحصل على الهدايا. wevo.ae",,"ar","لوحة تحكم الحساب الخاص بك - Smart Code Market Place",,"سلة المشتريات
لا توجد منتجات في سلة المشتريات.","https://smartcode.ae/shop/my-account/"
"2","200","2023-06-17T23:16:24.817Z","https://smartcode.ae/shop/wishlist/","https://smartcode.ae/shop",,"https://smartcode.ae/shop/wishlist/","قائمة المفضلة احصل على أفضل تجربة للدردشة الصوتية مع ويفو. صوت نقي وواضح وكاميرا سريعة مع ميزات مذهلة. اجمع نقاط مكافآت واحصل على الهدايا. wevo.ae",,"ar","قائمة المفضلة ويفو - Smart Code Market Place",,"مع قرص الحظ تربح يوميا 5 او 15 او 100 دولار قسيمة مشتريات","https://smartcode.ae/shop/wishlist/"
"2","200","2023-06-17T23:16:36.522Z","https://smartcode.ae/shop/cart/","https://smartcode.ae/shop",,"https://smartcode.ae/shop/cart/","صفحة سلة التسوق من ويفو ماركت ، يمكنك شراء المنتجات من ويفو برعاية سمارت كود بكل سهولة ويسر، ومعرفة السعر الإجمالي لكل المنتجات قبل الدفع الفعلي. والاستمتاع بالمنتجات المختارة بسرعة وسهولة وآمان تام",,"ar","- Wevo - سلة التسوق ويفو ماركت",,"سلة المشتريات
لا توجد منتجات في سلة المشتريات.","https://smartcode.ae/shop/cart/"
"2","200","2023-06-17T23:16:40.007Z","https://smartcode.ae/shop/apps/","https://smartcode.ae/shop",,"https://smartcode.ae/shop/apps/","غرف دردشة ويفو نحن نوفر لكم مجموعة كبيرة ومتنوعة من الغرف المخصصة للدردشة والتفاعل مع الآخرين عبر الإنترنت. نحن نضمن لك الخصوصية والأمان في جميع أوقات الاتصال",,"ar","غرف دردشة ويفو - Join Wevo and Connect with Others!",,"ويفو .. دردش .. عالم متكامل من التواصل الاجتماعي المدعوم بالصوت والكاميرا. نحن نوفر لكم مجموعة كبيرة ومتنوعة من الغرف المخصصة للدردشة والتفاعل مع الآخرين عن طريق جهاز الكمبيوتر ويندوز او الموبايل أندرويد أو أيفون .. سواء كنت ترغب في التعرف على أشخاص جدد أو الدروس التعليمية أو العائلة، فإننا نوفر لك البيئة المثالية لتحقيق ذلك.
نحن نضمن لك الخصوصية والأمان في جميع أوقات الاتصال. كما أننا نوفر لك خيارات متعددة للاشتراك لتلبية جميع احتياجاتك في التواصل. 
تسوق الآن واستمتع بأفضل تجربة
ولا تنسى الاستفادة من العروض الحصرية والخصومات ونقاط الربح التي نوفرها لأعضائنا.","https://smartcode.ae/shop/apps/"
"2","200","2023-06-17T23:16:40.511Z","https://smartcode.ae/shop/apps-1-year/","https://smartcode.ae/shop",,"https://smartcode.ae/shop/apps-1-year/","اشتراك الغرف مدة سنة احصل على أفضل تجربة للدردشة الصوتية مع ويفو. صوت نقي وواضح وكاميرا سريعة مع ميزات مذهلة. اجمع نقاط مكافآت واحصل على الهدايا. wevo.ae",,"ar","اشتراك الغرف مدة سنة - Smart Code Market Place",,"ويفو .. دردش .. عالم متكامل من التواصل الاجتماعي المدعوم بالصوت والكاميرا. نحن نوفر لكم مجموعة كبيرة ومتنوعة من الغرف المخصصة للدردشة والتفاعل مع الآخرين عن طريق جهاز الكمبيوتر ويندوز او الموبايل أندرويد أو أيفون .. سواء كنت ترغب في التعرف على أشخاص جدد أو الدروس التعليمية أو العائلة، فإننا نوفر لك البيئة المثالية لتحقيق ذلك.
نحن نضمن لك الخصوصية والأمان في جميع أوقات الاتصال. كما أننا نوفر لك خيارات متعددة للاشتراك لتلبية جميع احتياجاتك في التواصل. 
تسوق الآن واستمتع بأفضل تجربة
ولا تنسى الاستفادة من العروض الحصرية والخصومات ونقاط الربح التي نوفرها لأعضائنا.","https://smartcode.ae/shop/apps-1-year/"
"2","200","2023-06-17T23:16:53.226Z","https://smartcode.ae/shop/apps-6-month/","https://smartcode.ae/shop",,"https://smartcode.ae/shop/apps-6-month/","اشتراك الغرف مدة 6 أشهر احصل على أفضل تجربة للدردشة الصوتية مع ويفو. صوت نقي وواضح وكاميرا سريعة مع ميزات مذهلة. اجمع نقاط مكافآت واحصل على الهدايا. wevo.ae",,"ar","اشتراك الغرف مدة 6 أشهر - Smart Code Market Place",,"ويفو .. دردش .. عالم متكامل من التواصل الاجتماعي المدعوم بالصوت والكاميرا. نحن نوفر لكم مجموعة كبيرة ومتنوعة من الغرف المخصصة للدردشة والتفاعل مع الآخرين عن طريق جهاز الكمبيوتر ويندوز او الموبايل أندرويد أو أيفون .. سواء كنت ترغب في التعرف على أشخاص جدد أو الدروس التعليمية أو العائلة، فإننا نوفر لك البيئة المثالية لتحقيق ذلك.
نحن نضمن لك الخصوصية والأمان في جميع أوقات الاتصال. كما أننا نوفر لك خيارات متعددة للاشتراك لتلبية جميع احتياجاتك في التواصل. 
تسوق الآن واستمتع بأفضل تجربة
ولا تنسى الاستفادة من العروض الحصرية والخصومات ونقاط الربح التي نوفرها لأعضائنا.","https://smartcode.ae/shop/apps-6-month/"
"2","200","2023-06-17T23:16:54.227Z","https://smartcode.ae/shop/apps-offer/","https://smartcode.ae/shop",,"https://smartcode.ae/shop/apps-offer/","عروض الغرف هل تبحث عن عرض خاص؟ إذاً اشترك الآن في خدمتنا المخصصة للعملاء الذين يرغبون في الاستفادة من خدماتنا بتكلفة منخفضة بعروض خاصة",,"ar","عروض الغرف - Smart Code Market Place",,"نحن نضمن لك الخصوصية والأمان في جميع أوقات الاتصال. كما أننا نوفر لك خيارات متعددة للاشتراك لتلبية جميع احتياجاتك في التواصل.
كما اننا ندعم جميع أنظمة التشغيل وبكفاءة عالية ويندوز .. أندرويد .. أيفون
الدعم الفني من حسابك او مباشر من تلجرام و جميع خيارات التحكم متوفرة وبلوحة واحدة
تسوق الآن واستمتع بأفضل تجربة
ولا تنسى الاستفادة من العروض الحصرية والخصومات ونقاط الربح التي نوفرها لأعضائنا.","https://smartcode.ae/shop/apps-offer/"
"2","200","2023-06-17T23:17:04.411Z","https://smartcode.ae/shop/names/","https://smartcode.ae/shop",,"https://smartcode.ae/shop/names/","احم هويتك وتميز عن الآخرين باستخدام الاسم المحمي والملكي, يمكنك تحميل صور ملفك الشخصي وتوفير حماية موثوقة لاسمك بعلامة التحقق الملكية أو الزرقاء للأسماء المحمية",,"ar","الاسماء المحمية ويفو Smart Code Market Place wevo",,"احمي هويتك وابني سمعتك وتميز عن باقي الاسماء، عن طريق الاسم المحمي والاسم الملكي . يمكنك تحميل الصور لملفك الشخصي ومشاركة الصور على النص العام بكل سهولة. إن هذه الخدمة توفر لك حماية موثوقة لاسمك بعلامة التحقق الملكي المميزة مع خلفية للاسم ضمن قائمة الاسماء او علامة التحقق الزرقاء للاسم المحمي وتوفر لك الأمان والراحة النفسية فيما يتعلق بحماية هويتك وسمعتك والتمييز عن باقي الزوار.","https://smartcode.ae/shop/names/"
"2","200","2023-06-17T23:17:15.022Z","https://smartcode.ae/shop/root/","https://smartcode.ae/shop",,"https://smartcode.ae/shop/root/","روت ويفو لوحة تحكم خارجية تتيح لك التحكم الكامل في غرفة الدردشة بكل سهولة ويسر.يمكنك التحكم بالأسماء البرتقالية والتمييز بين المستخدمين الرئيسيين والمهمين",,"ar","روت ويفو Smart Code Market Place",,"روت ويفو لوحة تحكم خارجية تتيح لك التحكم الكامل في غرفة الدردشة او مجموعة الغرف الخاصة بك بكل سهولة ويسر. يساعدك روت ويفو على التحكم بأسماء الأشخاص في الغرفة وتوفر لك مزايا الأسماء البرتقالية التي تتيح لك التمييز بين المستخدمين الرئيسيين والمهمين.
لا يتطلب استخدام روت ويفو أي مهارات فنية خاصة، فهو يتميز بواجهة سهلة الاستخدام تمكنك من التحكم في غرفة الدردشة بسهولة تامة. باستخدام روت ويفو، يمكنك الاستمتاع بالراحة والأمان والاستقلالية في تحكمك في الدردشة الخاصة بك، بغض النظر عن مكان تواجدك في الغرفة او خارجها.
اشترِ روت ويفو الآن واستمتع بالتحكم الكامل في غرفة الدردشة الخاصة بك بكل سهولة ويسر!","https://smartcode.ae/shop/root/"
"2","200","2023-06-17T23:17:16.540Z","https://smartcode.ae/shop/offers/","https://smartcode.ae/shop",,"https://smartcode.ae/shop/offers/","احصل على فرصة للحصول على خدماتنا المميزة بأفضل الأسعار من خلال اشتراكك في عروض التوفير المتميزة لدينا. تسوق الآن واستمتع بأفضل تجربة",,"ar","عروض التوفير ويفو - Smart Code Market Place",,"ويفو .. دردش .. عالم متكامل من التواصل الاجتماعي المدعوم بالصوت والكاميرا. نحن نوفر لكم مجموعة كبيرة ومتنوعة من الغرف المخصصة للدردشة والتفاعل مع الآخرين عن طريق جهاز الكمبيوتر ويندوز او الموبايل أندرويد أو أيفون .. سواء كنت ترغب في التعرف على أشخاص جدد أو الدروس التعليمية أو العائلة، فإننا نوفر لك البيئة المثالية لتحقيق ذلك.
نحن نضمن لك الخصوصية والأمان في جميع أوقات الاتصال. كما أننا نوفر لك خيارات متعددة للاشتراك لتلبية جميع احتياجاتك في التواصل. 
تسوق الآن واستمتع بأفضل تجربة
ولا تنسى الاستفادة من العروض الحصرية والخصومات ونقاط الربح التي نوفرها لأعضائنا.","https://smartcode.ae/shop/offers/"
"2","200","2023-06-17T23:17:29.014Z","https://smartcode.ae/shop/services/","https://smartcode.ae/shop",,"https://smartcode.ae/shop/services/","المميزة والاضافات ويفو تطوير الغرف احصل على أفضل تجربة للدردشة الصوتية مع ويفو. صوت نقي وواضح وكاميرا سريعة مع ميزات مذهلة. اجمع نقاط مكافآت واحصل على الهدايا. wevo.ae",,"ar","المميزة والاضافات - Smart Code Market Place",,"يمكنك هنا الاشتراك بالخدمات الاضافية لغرفتك مثل اضافة الغرفة لقسم المميزة بالمدة المناسبة لك, كما يمكنك أيضا في أي وقت في حال وصول غرفتك للذروة القصوى وعدم القدرة على دخول مستخدمين جدد يمكنك تكبير سعة غرفتك واستقبال المزيد من الزوار, كما يمكنك أيضا في أي وقت في حال استهلاكك لعدد المشرفين المتاح يمكنك زيادة عدد باقة الاشرافات للغرفة.","https://smartcode.ae/shop/services/"
"2","200","2023-06-17T23:17:30.133Z","https://smartcode.ae/shop/cards/","https://smartcode.ae/shop",,"https://smartcode.ae/shop/cards/","بطاقة هدية ويفو احصل على أفضل تجربة للدردشة الصوتية مع ويفو. صوت نقي وواضح وكاميرا سريعة مع ميزات مذهلة. اجمع نقاط مكافآت واحصل على الهدايا. wevo.ae",,"ar","بطاقة هدية ويفو - Gift Cards",,"بطاقة هدية ويفو
فاجئ من تحب بارسال بطاقة من اسمك الى الشخص الآخر كهدية
أضف لمستك الشخصية
واكتب رسالة من القلب للمستلم
ارسل هديتك فورا","https://smartcode.ae/shop/cards/"
"2","200","2023-06-17T23:17:30.418Z","https://smartcode.ae/shop/balance/","https://smartcode.ae/shop",,"https://smartcode.ae/shop/balance/","ويفو تحقق من رصيد بطاقة الهدايا أفضل تجربة للدردشة الصوتية مع ويفو. صوت نقي وواضح وكاميرا سريعة مع ميزات مذهلة. اجمع نقاط مكافآت واحصل على الهدايا",,"ar","تحقق من رصيد بطاقة الهدايا ويفو - Smart Code Market Place",,"رصيد البطاقة 
تحقق من رصيد بطاقة الهدايا
ينتهي 
يرجى كتابة رقم البطاقة للتأكد من الرصيد","https://smartcode.ae/shop/balance/"
"2","404","2023-06-17T23:17:45.428Z","https://smartcode.ae/shop/about-us","https://smartcode.ae/shop",,"https://smartcode.ae/shop/about-us",,,"ar","الصفحة غير موجودة. – Smart Code Market Place",,"Error 404
الصفحة المطلوبة غير متوفرة","https://smartcode.ae/shop/about-us"
"2","200","2023-06-17T23:17:50.017Z","https://smartcode.ae/shop/wevo/room-15-1-year/","https://smartcode.ae/shop",,"https://smartcode.ae/shop/wevo/room-15-1-year/","مع ويفو احصل على أفضل تجربة للدردشة الصوتية مع منتجاتنا المتطورة التي توفر صوتًا نقيًا وواضحًا وميزات مذهلة. مع ميزة تجميع نقاط المكافئات والهديا Wevo.ae",,"ar","- غرفة 15 ماستر سنة -",,"سلة المشتريات
لا توجد منتجات في سلة المشتريات.","https://smartcode.ae/shop/wevo/room-15-1-year/"
"2","200","2023-06-17T23:17:52.916Z","https://smartcode.ae/shop/wevo/root-3-month/","https://smartcode.ae/shop",,"https://smartcode.ae/shop/wevo/root-3-month/",,,"ar","روت مدة 3 شهور - Smart Code Market Place",,"روت ويفو لوحة تحكم خارجية تتيح لك التحكم الكامل في غرفة الدردشة او مجموعة الغرف الخاصة بك بكل سهولة ويسر. يساعدك روت ويفو على التحكم بأسماء الأشخاص في الغرفة وتوفر لك مزايا الأسماء البرتقالية التي تتيح لك التمييز بين المستخدمين الرئيسيين والمهمين.
لا يتطلب استخدام روت ويفو أي مهارات فنية خاصة، فهو يتميز بواجهة سهلة الاستخدام تمكنك من التحكم في غرفة الدردشة بسهولة تامة. باستخدام روت ويفو، يمكنك الاستمتاع بالراحة والأمان والاستقلالية في تحكمك في الدردشة الخاصة بك، بغض النظر عن مكان تواجدك في الغرفة او خارجها.
اشترِ روت ويفو الآن واستمتع بالتحكم الكامل في غرفة الدردشة الخاصة بك بكل سهولة ويسر!","https://smartcode.ae/shop/wevo/root-3-month/"
"2","200","2023-06-17T23:18:18.932Z","https://smartcode.ae/shop/wevo/%d9%85%d9%85%d9%8a%d8%b2%d8%a9-%d8%a8%d8%a7%d9%84%d8%aa%d8%b7%d8%a8%d9%8a%d9%82-3-%d8%b4%d9%87%d9%88%d8%b1/","https://smartcode.ae/shop",,"https://smartcode.ae/shop/wevo/%d9%85%d9%85%d9%8a%d8%b2%d8%a9-%d8%a8%d8%a7%d9%84%d8%aa%d8%b7%d8%a8%d9%8a%d9%82-3-%d8%b4%d9%87%d9%88%d8%b1/","الاشتراك بقسم المميزة لتطبيق سطح المكتب والموبايل مدة 3 شهور",,"ar","مميزة بالتطبيق 3 شهور - Smart Code Market Place",,"سلة المشتريات
لا توجد منتجات في سلة المشتريات.","https://smartcode.ae/shop/wevo/%d9%85%d9%85%d9%8a%d8%b2%d8%a9-%d8%a8%d8%a7%d9%84%d8%aa%d8%b7%d8%a8%d9%8a%d9%82-3-%d8%b4%d9%87%d9%88%d8%b1/"
"2","200","2023-06-17T23:18:39.912Z","https://smartcode.ae/shop/wevo/app-offer-5-master-1-year/","https://smartcode.ae/shop",,"https://smartcode.ae/shop/wevo/app-offer-5-master-1-year/","Apps Offer 5 Master 1 Year: المدة سنة 15 مستخدم 5 ماستر 5 سوبر ادمن 5 ادمن 5 اعضاء Windows, iPhone, Android",,"ar","عرض خاص غرفة 5 ماستر مدة سنة - Smart Code Market Place",,"ستحصل على 10 نقاط بعد اتمام عملية الشراء الاولى","https://smartcode.ae/shop/wevo/app-offer-5-master-1-year/"
"2","200","2023-06-17T23:18:50.606Z","https://smartcode.ae/shop/wevo/%d9%85%d9%85%d9%8a%d8%b2%d8%a9-%d8%a8%d8%a7%d9%84%d8%aa%d8%b7%d8%a8%d9%8a%d9%82-6-%d8%b4%d9%87%d9%88%d8%b1/","https://smartcode.ae/shop",,"https://smartcode.ae/shop/wevo/%d9%85%d9%85%d9%8a%d8%b2%d8%a9-%d8%a8%d8%a7%d9%84%d8%aa%d8%b7%d8%a8%d9%8a%d9%82-6-%d8%b4%d9%87%d9%88%d8%b1/","الاشتراك بقسم المميزة لتطبيق سطح المكتب والموبايل مدة 6 شهور",,"ar","مميزة بالتطبيق 6 شهور - Smart Code Market Place",,"سلة المشتريات
لا توجد منتجات في سلة المشتريات.","https://smartcode.ae/shop/wevo/%d9%85%d9%85%d9%8a%d8%b2%d8%a9-%d8%a8%d8%a7%d9%84%d8%aa%d8%b7%d8%a8%d9%8a%d9%82-6-%d8%b4%d9%87%d9%88%d8%b1/"
"2","200","2023-06-17T23:19:05.011Z","https://smartcode.ae/shop/wevo/premium/","https://smartcode.ae/shop",,"https://smartcode.ae/shop/wevo/premium/","هذه الخدمة لحماية أسم ملكي لمدة سنة كاملة، حيث يتم توفير ملف للاسم المحمي الملكي. كما يمكنك تحميل الصور لملفك الشخصي ومشاركة الصور على النص العام بكل سهولة. إن هذه الخدمة توفر لك حماية موثوقة لاسمك بعلامة التحقق الملكي المميزة مع خلفية للاسم ضمن قائمة الاسماء وتوفر لك الأمان والراحة النفسية فيما يتعلق بحماية هويتك هذه الخدمة لحماية أسم ملكي لمدة سنة كاملة، حيث يتم توفير ملف للاسم المحمي الملكي. كما يمكنك تحميل الصور لملفك الشخصي ومشاركة الصور على النص العام بكل سهولة. إن هذه الخدمة توفر لك حماية موثوقة لاسمك بعلامة التحقق الملكي المميزة مع خلفية للاسم ضمن قائمة الاسماء وتوفر لك الأمان والراحة النفسية فيما يتعلق بحماية هويتك",,"ar","اسم ملكي - Smart Code Market Place ويفو",,"هذه الخدمة لحماية أسم ملكي لمدة سنة كاملة، حيث يتم توفير ملف للاسم المحمي الملكي. كما يمكنك تحميل الصور لملفك الشخصي ومشاركة الصور على النص العام بكل سهولة. إن هذه الخدمة توفر لك حماية موثوقة لاسمك بعلامة التحقق الملكي المميزة مع خلفية للاسم ضمن قائمة الاسماء وتوفر لك الأمان والراحة النفسية فيما يتعلق بحماية هويتك وسمعتك والتمييز عن باقي الاسماء.
ثلاث اسماء محمية
	المدة سنة	
	العدد اسماء واحد	
	ملف للاسم الملكي	
	تحميل ومشاركة الصور	
	خلفية الاسم الملكي	
	علامة التحقق الملكي	
ملاحظة: يرجى تجريب الدخول بالاسم المطلوب من كمبيوتر و من موبايل قبل وبعد ارسال الطلب والتأكد من دخول الاسم المطلوب بشكل صحيح
لن يتم تعديل اي اسم بعد التفعيل بسبب اي خطأ","https://smartcode.ae/shop/wevo/premium/"
"2","200","2023-06-17T23:19:12.662Z","https://wevo.ae/en/contact.html","https://wevo.ae/en/index.html",,"https://wevo.ae/en/contact.html","تكلم مع من تحب بالصوت والصورة من الكمبيوتر والموبايل WEVO غرف دردشة صوتية وكاميرا بأحدث برنامج دردشة متطور ومزايا رائعة لاجهزة الويندوز والموبايل اندرويد","شات, دردشة, شات صوتي, غرف دردشة, دردشة صوتية, دردشة سعودية, غرف دردشة, دردشة سورية, دردشة اردن, شات مغربي, صوتي, صوتية, دردشة عربية, دردشة امارات, شات مغرب, شات خليجي, ويفو, wevo, سيرفرات صوتي, سيرفر دردشة, غرف مجانية, سيرفر كاميرا, شات كاميرا, all2chat, wevo.ae, chat room, chatrooms, wevo room, wevo chat, شات ويفو, غرف ويفو,","en","WEVO Vedio Chat Rooms",,"Bank:
Emirates Islamic Bank
Name:
Smart Code Internet Solutions
IBAN:
AE 8103 4000 3707 2809 91401
Account:
370 7280 9914 01
Swift Code:
MEBLAEAD
Branch:
HSB branch
Country:
United Arab Emirates-Dubai","https://wevo.ae/en/contact.html"
"2","200","2023-06-17T23:19:17.616Z","https://wevo.ae/en/market.html","https://wevo.ae/en/index.html",,"https://wevo.ae/en/market.html","تكلم مع من تحب بالصوت والصورة من الكمبيوتر والموبايل WEVO غرف دردشة صوتية وكاميرا بأحدث برنامج دردشة متطور ومزايا رائعة لاجهزة الويندوز والموبايل اندرويد","شات, دردشة, شات صوتي, غرف دردشة, دردشة صوتية, دردشة سعودية, غرف دردشة, دردشة سورية, دردشة اردن, شات مغربي, صوتي, صوتية, دردشة عربية, دردشة امارات, شات مغرب, شات خليجي, ويفو, wevo, سيرفرات صوتي, سيرفر دردشة, غرف مجانية, سيرفر كاميرا, شات كاميرا, all2chat, wevo.ae, chat room, chatrooms, wevo room, wevo chat, شات ويفو, غرف ويفو,","en","WEVO Vedio Chat Rooms",,"SECURITY AND CONFIDENTIALITY 
All of the payments made on www.Smartcode.ae are secure. The personal information you send to us will remain confidential.
Terms & conditions
Privacy Policy","https://wevo.ae/en/market.html"
"2","200","2023-06-17T23:19:21.864Z","https://wevo.ae/en/download.html","https://wevo.ae/en/index.html",,"https://wevo.ae/en/download.html","تكلم مع من تحب بالصوت والصورة من الكمبيوتر والموبايل WEVO غرف دردشة صوتية وكاميرا بأحدث برنامج دردشة متطور ومزايا رائعة لاجهزة الويندوز والموبايل اندرويد","شات, دردشة, شات صوتي, غرف دردشة, دردشة صوتية, دردشة سعودية, غرف دردشة, دردشة سورية, دردشة اردن, شات مغربي, صوتي, صوتية, دردشة عربية, دردشة امارات, شات مغرب, شات خليجي, ويفو, wevo, سيرفرات صوتي, سيرفر دردشة, غرف مجانية, سيرفر كاميرا, شات كاميرا, all2chat, wevo.ae, chat room, chatrooms, wevo room, wevo chat, شات ويفو, غرف ويفو,","en","WEVO Vedio Chat Rooms",,"عربي
Support
Contact
Prices
Download
Support
Wevo Download
Prices
Contact
عربي
WEVO Download
Google Play
تحميل التطبيق 
iPhone
Download 
Windows
Download 
Huawei
Download 
APK File
Download","https://wevo.ae/en/download.html"
"2","200","2023-06-17T23:19:23.746Z","https://wevo.ae/rooms.html","https://wevo.ae/market.html",,"https://wevo.ae/rooms.html","تكلم مع من تحب بالصوت والصورة من الكمبيوتر والموبايل WEVO غرف دردشة صوتية وكاميرا بأحدث برنامج دردشة متطور ومزايا رائعة لاجهزة الويندوز والموبايل اندرويد","شات, دردشة, شات صوتي, غرف دردشة, دردشة صوتية, دردشة سعودية, غرف دردشة, دردشة سورية, دردشة اردن, شات مغربي, صوتي, صوتية, دردشة عربية, دردشة امارات, شات مغرب, شات خليجي, ويفو, wevo, سيرفرات صوتي, سيرفر دردشة, غرف مجانية, سيرفر كاميرا, شات كاميرا, all2chat, wevo.ae, chat room, chatrooms, wevo room, wevo chat, شات ويفو, غرف ويفو,","en","WEVO Vedio Chat Rooms",,"أسعار الاشتراك في غرف الدردشة
المدة سنة 
المدة 6 أشهر 
غرفة 15 ماستر
$ 200 
المدة سنة
100 مستخدم
15 ماستر
20 سوبر أدمن
30 أدمن
100 ممبر
الاشتراك
غرفة 25 ماستر
$ 300 
المدة سنة
100 مستخدم
25 ماستر
30 سوبر أدمن
50 أدمن
150 ممبر
الاشتراك
غرفة 35 ماستر
$ 400 
المدة سنة
100 مستخدم
35 ماستر
40 سوبر أدمن
60 أدمن
200 ممبر
الاشتراك
غرفة 50 ماستر
$ 500 
المدة سنة
100 مستخدم
50 ماستر
60 سوبر أدمن
100 أدمن
300 ممبر
الاشتراك
15 ماستر
$ 100 
المدة 6 أشهر
50 مستخدم
15 ماستر
20 سوبر أدمن
30 أدمن
100 ممبر
الاشتراك
غرفة 25 ماستر
$ 200 
المدة 6 أشهر
100 مستخدم
25 ماستر
30 سوبر أدمن
50 أدمن
150 ممبر
الاشتراك
غرفة 35 ماستر
$ 300 
المدة 6 أشهر
100 مستخدم
35 ماستر
40 سوبر أدمن
60 أدمن
200 ممبر
الاشتراك
غرفة 50 ماستر
$ 400 
المدة 6 أشهر
100 مستخدم
50 ماستر
60 سوبر أدمن
100 أدمن
300 ممبر
الاشتراك","https://wevo.ae/rooms.html"
"2","200","2023-06-17T23:19:27.009Z","https://wevo.ae/root.html","https://wevo.ae/market.html",,"https://wevo.ae/root.html","تكلم مع من تحب بالصوت والصورة من الكمبيوتر والموبايل WEVO غرف دردشة صوتية وكاميرا بأحدث برنامج دردشة متطور ومزايا رائعة لاجهزة الويندوز والموبايل اندرويد","شات, دردشة, شات صوتي, غرف دردشة, دردشة صوتية, دردشة سعودية, غرف دردشة, دردشة سورية, دردشة اردن, شات مغربي, صوتي, صوتية, دردشة عربية, دردشة امارات, شات مغرب, شات خليجي, ويفو, wevo, سيرفرات صوتي, سيرفر دردشة, غرف مجانية, سيرفر كاميرا, شات كاميرا, all2chat, wevo.ae, chat room, chatrooms, wevo room, wevo chat, شات ويفو, غرف ويفو,","en","WEVO Vedio Chat Rooms",,"روت ويفو
روت 3 أشهر
$ 250 
المدة 3 أشهر
اسمين +1 مجاني
لوحة تحكم
ادارة الغرفة
الاشتراك
روت 6 أشهر
$ 400 
المدة 6 أشهر
اسمين +1 مجاني
لوحة تحكم
ادارة الغرفة
الاشتراك
روت سنة
$ 600 
المدة سنة
اسمين +1 مجاني
لوحة تحكم
ادارة الغرفة
الاشتراك","https://wevo.ae/root.html"
"2","200","2023-06-17T23:19:28.817Z","https://wevo.ae/names.html","https://wevo.ae/market.html",,"https://wevo.ae/names.html","تكلم مع من تحب بالصوت والصورة من الكمبيوتر والموبايل WEVO غرف دردشة صوتية وكاميرا بأحدث برنامج دردشة متطور ومزايا رائعة لاجهزة الويندوز والموبايل اندرويد","شات, دردشة, شات صوتي, غرف دردشة, دردشة صوتية, دردشة سعودية, غرف دردشة, دردشة سورية, دردشة اردن, شات مغربي, صوتي, صوتية, دردشة عربية, دردشة امارات, شات مغرب, شات خليجي, ويفو, wevo, سيرفرات صوتي, سيرفر دردشة, غرف مجانية, سيرفر كاميرا, شات كاميرا, all2chat, wevo.ae, chat room, chatrooms, wevo room, wevo chat, شات ويفو, غرف ويفو,","en","WEVO Vedio Chat Rooms",,"الرئيسية | سوق ويفو | الاسماء المحمية","https://wevo.ae/names.html"
"2","200","2023-06-17T23:19:31.836Z","https://wevo.ae/offers.html","https://wevo.ae/market.html",,"https://wevo.ae/offers.html","تكلم مع من تحب بالصوت والصورة من الكمبيوتر والموبايل WEVO غرف دردشة صوتية وكاميرا بأحدث برنامج دردشة متطور ومزايا رائعة لاجهزة الويندوز والموبايل اندرويد","شات, دردشة, شات صوتي, غرف دردشة, دردشة صوتية, دردشة سعودية, غرف دردشة, دردشة سورية, دردشة اردن, شات مغربي, صوتي, صوتية, دردشة عربية, دردشة امارات, شات مغرب, شات خليجي, ويفو, wevo, سيرفرات صوتي, سيرفر دردشة, غرف مجانية, سيرفر كاميرا, شات كاميرا, all2chat, wevo.ae, chat room, chatrooms, wevo room, wevo chat, شات ويفو, غرف ويفو,","en","WEVO Vedio Chat Rooms",,"الرئيسية | سوق ويفو | غرف الدردشة","https://wevo.ae/offers.html"
"2","404","2023-06-17T23:19:31.726Z","https://wevo.ae/conditions.html","https://wevo.ae/market.html",,"https://wevo.ae/conditions.html",,,,"404 Not Found",,"Not Found (404)
The requested URL /conditions.html was not found on this server. wevo.ae","https://wevo.ae/conditions.html"
"2","404","2023-06-17T23:19:33.277Z","https://wevo.ae/privacy.html","https://wevo.ae/market.html",,"https://wevo.ae/privacy.html",,,,"404 Not Found",,"Not Found (404)
The requested URL /privacy.html was not found on this server. wevo.ae","https://wevo.ae/privacy.html"
"2","200","2023-06-17T23:19:40.423Z","https://wevo.ae/sales.php","https://wevo.ae/contact.html",,"https://wevo.ae/sales.php",,,,"",,"","https://wevo.ae/sales.php"
"3","200","2023-06-17T23:19:52.519Z","https://smartcode.ae/shop/product-category/additions/","https://smartcode.ae/shop/wevo/%d8%aa%d9%83%d8%a8%d9%8a%d8%b1-%d8%b3%d8%b9%d8%a9-%d8%a7%d9%84%d8%ba%d8%b1%d9%81%d8%a9-25-%d9%85%d8%b3%d8%aa%d8%ae%d8%af%d9%85/",,"https://smartcode.ae/shop/product-category/additions/",,,"ar","additions Archives - Smart Code Market Place",,"سوف تحصل على 20 نقطة عند اتمامك 3 عمليات شراء من حسابك","https://smartcode.ae/shop/product-category/additions/"
"3","200","2023-06-17T23:19:55.025Z","https://smartcode.ae/shop/product-category/apps/","https://smartcode.ae/shop/wevo/%d8%aa%d9%83%d8%a8%d9%8a%d8%b1-%d8%b3%d8%b9%d8%a9-%d8%a7%d9%84%d8%ba%d8%b1%d9%81%d8%a9-25-%d9%85%d8%b3%d8%aa%d8%ae%d8%af%d9%85/",,"https://smartcode.ae/shop/product-category/apps/","Rooms",,"ar","Apps Archives - Smart Code Market Place",,"مع قرص الحظ تربح يوميا 5 او 15 او 100 دولار قسيمة مشتريات","https://smartcode.ae/shop/product-category/apps/"
"3","200","2023-06-17T23:20:08.208Z","https://smartcode.ae/shop/product-category/apps/rooms1year/","https://smartcode.ae/shop/wevo/%d8%aa%d9%83%d8%a8%d9%8a%d8%b1-%d8%b3%d8%b9%d8%a9-%d8%a7%d9%84%d8%ba%d8%b1%d9%81%d8%a9-25-%d9%85%d8%b3%d8%aa%d8%ae%d8%af%d9%85/",,"https://smartcode.ae/shop/product-category/apps/rooms1year/","rooms 1 Year",,"ar","Apps 1 Year Archives - Smart Code Market Place",,"سلة المشتريات
لا توجد منتجات في سلة المشتريات.","https://smartcode.ae/shop/product-category/apps/rooms1year/"
"3","200","2023-06-17T23:20:11.510Z","https://smartcode.ae/shop/product-category/cards/","https://smartcode.ae/shop/wevo/%d8%aa%d9%83%d8%a8%d9%8a%d8%b1-%d8%b3%d8%b9%d8%a9-%d8%a7%d9%84%d8%ba%d8%b1%d9%81%d8%a9-25-%d9%85%d8%b3%d8%aa%d8%ae%d8%af%d9%85/",,"https://smartcode.ae/shop/product-category/cards/",,,"ar","cards Archives - Smart Code Market Place",,"سوف تحصل على 20 نقطة عند اتمامك 3 عمليات شراء من حسابك","https://smartcode.ae/shop/product-category/cards/"
"3","200","2023-06-17T23:20:14.310Z","https://smartcode.ae/shop/product-category/apps/room6month/","https://smartcode.ae/shop/wevo/%d8%aa%d9%83%d8%a8%d9%8a%d8%b1-%d8%b3%d8%b9%d8%a9-%d8%a7%d9%84%d8%ba%d8%b1%d9%81%d8%a9-25-%d9%85%d8%b3%d8%aa%d8%ae%d8%af%d9%85/",,"https://smartcode.ae/shop/product-category/apps/room6month/","Room 6 Month",,"ar","Apps 6 Month Archives - Smart Code Market Place",,"سلة المشتريات
لا توجد منتجات في سلة المشتريات.","https://smartcode.ae/shop/product-category/apps/room6month/"
"3","200","2023-06-17T23:20:13.809Z","https://smartcode.ae/shop/product-category/apps/rooms-offer/","https://smartcode.ae/shop/wevo/%d8%aa%d9%83%d8%a8%d9%8a%d8%b1-%d8%b3%d8%b9%d8%a9-%d8%a7%d9%84%d8%ba%d8%b1%d9%81%d8%a9-25-%d9%85%d8%b3%d8%aa%d8%ae%d8%af%d9%85/",,"https://smartcode.ae/shop/product-category/apps/rooms-offer/",,,"ar","Apps OFFER Archives - Smart Code Market Place",,"ستحصل على 10 نقاط بعد اتمام عملية الشراء الاولى","https://smartcode.ae/shop/product-category/apps/rooms-offer/"
"3","200","2023-06-17T23:20:27.721Z","https://smartcode.ae/shop/product-category/names/","https://smartcode.ae/shop/wevo/%d8%aa%d9%83%d8%a8%d9%8a%d8%b1-%d8%b3%d8%b9%d8%a9-%d8%a7%d9%84%d8%ba%d8%b1%d9%81%d8%a9-25-%d9%85%d8%b3%d8%aa%d8%ae%d8%af%d9%85/",,"https://smartcode.ae/shop/product-category/names/","Names",,"ar","Names Archives - Smart Code Market Place",,"سوف تحصل على 20 نقطة عند اتمامك 3 عمليات شراء من حسابك","https://smartcode.ae/shop/product-category/names/"
"3","200","2023-06-17T23:20:29.223Z","https://smartcode.ae/shop/product-category/premium/","https://smartcode.ae/shop/wevo/%d8%aa%d9%83%d8%a8%d9%8a%d8%b1-%d8%b3%d8%b9%d8%a9-%d8%a7%d9%84%d8%ba%d8%b1%d9%81%d8%a9-25-%d9%85%d8%b3%d8%aa%d8%ae%d8%af%d9%85/",,"https://smartcode.ae/shop/product-category/premium/",,,"ar","premium Archives - Smart Code Market Place",,"سوف تحصل على 20 نقطة عند اتمامك 3 عمليات شراء من حسابك","https://smartcode.ae/shop/product-category/premium/"
"3","200","2023-06-17T23:20:39.510Z","https://smartcode.ae/shop/product-category/root/","https://smartcode.ae/shop/wevo/%d8%aa%d9%83%d8%a8%d9%8a%d8%b1-%d8%b3%d8%b9%d8%a9-%d8%a7%d9%84%d8%ba%d8%b1%d9%81%d8%a9-25-%d9%85%d8%b3%d8%aa%d8%ae%d8%af%d9%85/",,"https://smartcode.ae/shop/product-category/root/","Root",,"ar","Root Archives - Smart Code Market Place",,"مع قرص الحظ تربح يوميا 5 او 15 او 100 دولار قسيمة مشتريات","https://smartcode.ae/shop/product-category/root/"
"3","200","2023-06-17T23:20:46.627Z","https://smartcode.ae/shop/product-category/royal-name/","https://smartcode.ae/shop/wevo/%d8%aa%d9%83%d8%a8%d9%8a%d8%b1-%d8%b3%d8%b9%d8%a9-%d8%a7%d9%84%d8%ba%d8%b1%d9%81%d8%a9-25-%d9%85%d8%b3%d8%aa%d8%ae%d8%af%d9%85/",,"https://smartcode.ae/shop/product-category/royal-name/",,,"ar","royal-name Archives - Smart Code Market Place",,"سلة المشتريات
لا توجد منتجات في سلة المشتريات.","https://smartcode.ae/shop/product-category/royal-name/"
"3","200","2023-06-17T23:20:50.024Z","https://smartcode.ae/shop/product-category/savingoffers/","https://smartcode.ae/shop/wevo/%d8%aa%d9%83%d8%a8%d9%8a%d8%b1-%d8%b3%d8%b9%d8%a9-%d8%a7%d9%84%d8%ba%d8%b1%d9%81%d8%a9-25-%d9%85%d8%b3%d8%aa%d8%ae%d8%af%d9%85/",,"https://smartcode.ae/shop/product-category/savingoffers/","Saving Offers",,"ar","Saving Offers Archives - Smart Code Market Place",,"مع قرص الحظ تربح يوميا 5 او 15 او 100 دولار قسيمة مشتريات","https://smartcode.ae/shop/product-category/savingoffers/"
"3","200","2023-06-17T23:20:59.415Z","https://smartcode.ae/shop/product-category/service/","https://smartcode.ae/shop/wevo/%d8%aa%d9%83%d8%a8%d9%8a%d8%b1-%d8%b3%d8%b9%d8%a9-%d8%a7%d9%84%d8%ba%d8%b1%d9%81%d8%a9-25-%d9%85%d8%b3%d8%aa%d8%ae%d8%af%d9%85/",,"https://smartcode.ae/shop/product-category/service/",,,"ar","Service Archives - Smart Code Market Place",,"شخص من Aldergrove, Canada قام بشراء اسم روت اضافي About 5 hours ago","https://smartcode.ae/shop/product-category/service/"
